caption,image_file
a photo of two TOK elevated solar panels on a hill. green fields. thick forest in the background. blue sky. 2 people and a truck,elevated.jpg
a photo of three TOK elevated solar panels on a snowy mountain. sun is shining. blue sky. mountains in the background,elevated_2.jpg
a photo of a single TOK elevated solar panels on a grass hill. clouds. brown grass,elevated_3.jpg
a photo of multiple TOK elevated solar panels in the mountains. green fields. cows between the modules. lush forest on the hills. high mountains in the background,elevated_4.jpg
a photo of multiple TOK elevated solar panels on a fiels with small flowers. some trees in background. blue sky,elevated_5.jpg
